Word Mystery,Coefficient
storm,3
symphony,5
Evelyn,4
manuscript,3
secrets,4
ancient,4
Egypt,4
cryptic,4
thrill,3
anticipation,3
archaeologist,5
forgotten,3
languages,4
hidden,4
chamber,4
Valley,3
Kings,4
tomb,4
insatiable,3
knowledge,4
Cairo,3
spirit,3
excitement,3
trepidation,3
tombs,4
hieroglyphs,4
discovery,4
pottery,3
symbols,4
inscription,3
sarcophagus,4
determination,3
stone,3
door,3
magic,4
suspended,3
eerie,4
crystal,4
otherworldly,4
light,3
voice,3
Mortal,3
shock,3
figure,4
cloaked,4
shadows,4
eyes,4
burning,4
timeless,4
power,4
Anubis,5
guardian,4
underworld,4
materialized,4
disturb,4
slumber,4
conceded,3
skeletal,4
symbol,4
projection,4
map,3
Serpents,4
Eye,4
network,3
lines,4
energy,4
globe,3
Unravel,4
reality,4
chilling,3
ponder,4
weight,3
doubleedged,3
potential,3
key,4
universe,3
harbinger,3
chaos,3
brewed,3
adventurer,3
blurred,3
question,3
price,3
risking,3
world,3
understand,4
begun,3
heart,4
thrilling,3
fear,3
precipice,3
change,3
fate,4
humanity,3
better,3
worse,3
story,3
ends,3
glimpse,3
team,3
enlightenment,3
destruction,3
answers,3
lie,3
waiting,3
discovered,3
brave,3
darkness,3
